ddinter_drug_name,mapped_ingredient_canonical_name,mapped_ingredient_id,notes
Dexamethasone,,,
Prednisolone,,,
Promethazine,,,
Hydrocortisone,,,
Betamethasone,,,
Triamcinolone,,,
Tacrolimus,,,
Ethanol,,,
Metronidazole,,,
Methylprednisolone,,,
Tolbutamide,,,
Budesonide,,,
Prednisone,,,
Ozanimod,,,
Idelalisib,,,
Ketoconazole,,,
Triamcinolone (ophthalmic),,,
Ceritinib,,,
Clarithromycin,,,
Erythromycin,,,
Diphenhydramine,,,
Doxepin,,,
Dasatinib,,,
Warfarin,,,
Nilotinib,,,
Cyclosporine,,,
Thalidomide,,,
Mepyramine,,,
Deferasirox,,,
Alimemazine,,,
Fluconazole,,,
Rucaparib,,,
Ribociclib,,,
Enzalutamide,,,
Temsirolimus,,,
Imatinib,,,
Lapatinib,,,
Sirolimus,,,
Siponimod,,,
Teriflunomide,,,
Acetylsalicylic acid,,,
Sibutramine,,,
Crizotinib,,,
Doxepin (topical),,,
Apalutamide,,,
Methotrexate,,,
Fostamatinib,,,
Vemurafenib,,,
Chloroquine,,,
Panobinostat,,,
Hydrocodone,,,
Chloramphenicol,,,
Midostaurin,,,
Miconazole,,,
Levofloxacin,,,
Cobicistat,,,
Dicoumarol,,,
Repaglinide,,,
Pazopanib,,,
Brigatinib,,,
Indacaterol,,,
Hydroxychloroquine,,,
Quinine,,,
Clemastine,,,
Glyburide,,,
Troglitazone,,,
Picosulfuric acid,,,
Somatotropin,,,
Leflunomide,,,
Fedratinib,,,
Fludrocortisone,,,
Bexarotene,,,
Cabozantinib,,,
Chlorpropamide,,,
Fingolimod,,,
Terbutaline,,,
Osilodrostat,,,
Glycopyrronium,,,
Glipizide,,,
Oxaliplatin,,,
Glimepiride,,,
Salbutamol,,,
Epinephrine,,,
Omacetaxine mepesuccinate,,,
Lorlatinib,,,
Somatrem,,,
Cilostazol,,,
Entrectinib,,,
Ponatinib,,,
Neomycin,,,
Epirubicin,,,
Osimertinib,,,
Tolazamide,,,
Brentuximab vedotin,,,
Magnesium citrate,,,
Ethinylestradiol,,,
Salmeterol,,,
Deflazacort,,,
Nateglinide,,,
Encorafenib,,,
Ivacaftor,,,
Ticagrelor,,,
Vilanterol,,,
Dabrafenib,,,
Diclofenac,,,
Tripelennamine,,,
Codeine,,,
Gilteritinib,,,
Cimetidine,,,
Orciprenaline,,,
Procarbazine,,,
Larotrectinib,,,
Clotrimazole,,,
Aprepitant,,,
Asparaginase Escherichia coli,,,
Pasireotide,,,
Lidocaine,,,
Formoterol,,,
"Insulin human (inhalation, rapid acting)",,,
Isoprenaline,,,
Aldesleukin,,,
Tofacitinib,,,
Ibuprofen,,,
Clofarabine,,,
Doxorubicin,,,
Pentamidine,,,
Trabectedin,,,
Bupropion,,,
Pegaspargase,,,
Methdilazine,,,
Saxagliptin,,,
Bosutinib,,,
Ifosfamide,,,
Empagliflozin,,,
Sunitinib,,,
Flurbiprofen,,,
Thiethylperazine,,,
Olaparib,,,
Magnesium hydroxide,,,
Celecoxib,,,
Mefloquine,,,
Macimorelin,,,
Acetohexamide,,,
Glasdegib,,,
Roflumilast,,,
Everolimus,,,
Ivosidenib,,,
Polyethylene glycol (3350 with electrolytes),,,
Insulin aspart (aspart),,,
Insulin detemir,,,
Insulin glulisine,,,
Insulin human (isophane),,,
Insulin human (zinc),,,
Insulin glargine,,,
Insulin lispro,,,
Insulin human (regular),,,
Insulin human (zinc extended),,,
Insulin degludec,,,
Anagrelide,,,
Morphine,,,
Doxorubicin (liposomal),,,
Abiraterone,,,
Sodium sulfate,,,
Metformin,,,
Canagliflozin,,,
Dapagliflozin,,,
Sorafenib,,,
Tamoxifen,,,
Exenatide,,,
Ertugliflozin,,,
Romidepsin,,,
Elagolix,,,
Acalabrutinib,,,
Pirbuterol,,,
Daunorubicin (liposomal),,,
Loperamide,,,
Daunorubicin,,,
Eribulin,,,
Idarubicin,,,
Pioglitazone,,,
Infliximab,,,
Deferiprone,,,
Dolasetron,,,
Toremifene,,,
Apixaban,,,
Mannitol,,,
Granisetron,,,
Magnesium carbonate,,,
Linagliptin,,,
Tioguanine,,,
Ibrutinib,,,
Opium,,,
Olodaterol,,,
Certolizumab pegol,,,
Iohexol,,,
Iopamidol,,,
Ondansetron,,,
Rivaroxaban,,,
Adalimumab,,,
Upadacitinib,,,
Insulin aspart (aspart protamine),,,
Insulin lispro (protamine),,,
Etanercept,,,
Golimumab,,,
Bortezomib,,,
Dronabinol,,,
Naltrexone,,,
Terfenadine,,,
Ephedrine,,,
Insulin human,,,
Primaquine,,,
Niraparib,,,
Rosiglitazone,,,
Cisplatin,,,
Bicalutamide,,,
Cisapride,,,
Metoclopramide,,,
Docetaxel,,,
Simvastatin,,,
Fenfluramine,,,
Cladribine,,,
Clozapine,,,
Astemizole,,,
Tinidazole,,,
Brimonidine (ophthalmic),,,
Brimonidine (topical),,,
Tetracosactide,,,
Halofantrine,,,
Vinblastine,,,
Ustekinumab,,,
Sitagliptin,,,
Ruxolitinib,,,
Famotidine,,,
Corticotropin,,,
Vinorelbine,,,
Magnesium sulfate,,,
Eliglustat,,,
Inotuzumab ozogamicin,,,
Acarbose,,,
Vincristine,,,
Theophylline,,,
Vandetanib,,,
Baricitinib,,,
Palonosetron,,,
Nabilone,,,
Phenytoin,,,
Alpelisib,,,
Paclitaxel,,,
Mercaptopurine,,,
Goserelin,,,
Triptorelin,,,
Chlorpheniramine,,,
Pramlintide,,,
Histrelin,,,
Leuprolide,,,
Anakinra,,,
Rilonacept,,,
Oxytocin,,,
Alefacept,,,
Zafirlukast,,,
Canakinumab,,,
Ciprofloxacin,,,
Alogliptin,,,
Paclitaxel (protein-bound),,,
Liraglutide,,,
Tetracycline,,,
Albiglutide,,,
Lixisenatide,,,
Treprostinil,,,
Irinotecan,,,
Miglitol,,,
Vincristine (liposome),,,
Semaglutide,,,
Dulaglutide,,,
Cyproheptadine,,,
Alemtuzumab,,,
Palbociclib,,,
Etoposide,,,
Saquinavir,,,
Venetoclax,,,
Morphine (liposomal),,,
Interferon beta-1a,,,
Interferon beta-1b,,,
Arsenic trioxide,,,
Flutamide,,,
Carbinoxamine,,,
Ritonavir,,,
Dexbrompheniramine,,,
Lumacaftor,,,
Brompheniramine,,,
Fluphenazine,,,
Triprolidine,,,
Peginterferon beta-1a,,,
Dextromethorphan,,,
Doxylamine,,,
Lumefantrine,,,
Epoprostenol,,,
Iloprost,,,
Ocrelizumab,,,
Griseofulvin,,,
Voriconazole,,,
Irinotecan (liposomal),,,
Dexfenfluramine,,,
Fosphenytoin,,,
Lactulose,,,
Grepafloxacin,,,
Triclabendazole,,,
Papaverine,,,
Pentoxifylline,,,
Dexamethasone (ophthalmic),,,
Glycerin,,,
Efavirenz,,,
Lenvatinib,,,
Natalizumab,,,
Pemetrexed,,,
Betrixaban,,,
Ixabepilone,,,
Amiodarone,,,
Cabazitaxel,,,
Mitotane,,,
Azathioprine,,,
Strontium chloride Sr-89,,,
Dimethyl fumarate,,,
Aminophylline,,,
Carbamazepine,,,
Diazoxide,,,
Nefazodone,,,
Moxifloxacin,,,
Telithromycin,,,
Fluvoxamine,,,
Phenobarbital,,,
Olopatadine (nasal),,,
Bisacodyl,,,
Potassium chloride,,,
Edoxaban,,,
Mineral oil,,,
Norfloxacin,,,
Salicylic acid (sodium),,,
Nilutamide,,,
Posaconazole,,,
Cobimetinib,,,
Levothyroxine,,,
Ofloxacin,,,
Copanlisib,,,
Clomipramine,,,
Polyethylene glycol (3350),,,
Glycopyrronium (topical),,,
Citalopram,,,
Mifepristone,,,
Meclizine,,,
Topotecan,,,
Rosuvastatin,,,
Castor oil,,,
Gemifloxacin,,,
Thioridazine,,,
Ibritumomab tiuxetan,,,
Chlorpromazine,,,
Gatifloxacin,,,
Clopidogrel,,,
Tositumomab (I-131),,,
Pomalidomide,,,
Atazanavir,,,
Mycophenolic acid,,,
Lactitol,,,
Nelfinavir,,,
Azatadine,,,
Trastuzumab emtansine,,,
Escitalopram,,,
Liothyronine,,,
Dapsone,,,
Rolapitant,,,
Trifluoperazine,,,
Carboplatin,,,
Sulfasalazine,,,
Regorafenib,,,
Venlafaxine,,,
Selpercatinib,,,
Tretinoin,,,
Amprenavir,,,
Disopyramide,,,
Samarium (153Sm) lexidronam,,,
Medroxyprogesterone acetate,,,
Fluoxetine,,,
Lefamulin,,,
Efalizumab,,,
Iobenguane (I-131),,,
Itraconazole,,,
Aripiprazole,,,
Degarelix,,,
Perphenazine,,,
Ziprasidone,,,
Sertraline,,,
Iodide I-131,,,
Cyclizine,,,
Mesoridazine,,,
Quetiapine,,,
Cyclophosphamide,,,
Dronedarone,,,
Eluxadoline,,,
Diltiazem,,,
Sparfloxacin,,,
Ticlopidine,,,
Lithium carbonate,,,
Lomefloxacin,,,
Cetirizine,,,
Levocetirizine,,,
Risperidone,,,
Aluminum hydroxide,,,
Phenolphthalein,,,
Iodide I-123,,,
Pexidartinib,,,
Prochlorperazine,,,
Quinidine,,,
Magnesium oxide,,,
Nitisinone,,,
Phenindamine,,,
Primidone,,,
Carfilzomib,,,
Atropine,,,
Indinavir,,,
Tocilizumab,,,
Omeprazole,,,
Fosamprenavir,,,
Typhoid vaccine (live),,,
Methadone,,,
Sotalol,,,
Imipramine,,,
Talimogene laherparepvec,,,
Tucatinib,,,
Glycerol phenylbutyrate,,,
Oliceridine,,,
Pimozide,,,
Chlorphenesin,,,
Tositumomab,,,
Calcium carbonate,,,
Scopolamine,,,
Darunavir,,,
Phenylpropanolamine,,,
Lonafarnib,,,
Vibrio cholerae CVD 103-HgR strain live antigen (live),,,
Pentoxyverine,,,
Stiripentol,,,
Disulfiram,,,
Abarelix,,,
Teniposide,,,
Heparin,,,
Trospium,,,
Methylene blue,,,
Promazine,,,
Dicyclomine,,,
Hyoscyamine,,,
Iloperidone,,,
Sipuleucel-T,,,
Propantheline,,,
Phenylephrine,,,
Rifampicin,,,
Aminoglutethimide,,,
Mitoxantrone,,,
Asenapine,,,
Porfimer sodium,,,
Ixazomib,,,
Olanzapine,,,
Amitriptyline,,,
Duloxetine,,,
Haloperidol,,,
Buprenorphine,,,
Delavirdine,,,
Prasugrel,,,
Selexipag,,,
Methotrimeprazine,,,
Etravirine,,,
Trimethobenzamide,,,
Nortriptyline,,,
Mepenzolate,,,
Methscopolamine,,,
Paliperidone,,,
Duvelisib,,,
Clidinium,,,
Triflupromazine,,,
Demeclocycline,,,
Bedaquiline,,,
Amoxapine,,,
Desipramine,,,
Oxtriphylline,,,
Trimipramine,,,
Carvedilol,,,
Trichophyton mentagrophytes,,,
Tuberculin purified protein derivative,,,
Budesonide (nasal),,,
Verapamil,,,
Lactobacillus acidophilus,,,
Abemaciclib,,,
Protriptyline,,,
Tramadol,,,
Propranolol,,,
Magaldrate,,,
Nifedipine,,,
Phenylbutazone,,,
Neratinib,,,
Interferon alfa-2b,,,
Lindane,,,
Ranolazine,,,
Clofedanol,,,
Esomeprazole,,,
Naloxegol,,,
Somapacitan,,,
"Interferon alfa-2a, Recombinant",,,
Dextropropoxyphene,,,
"Smallpox (Vaccinia) Vaccine, Live",,,
Echinacea,,,
Bifidobacterium longum infantis,,,
Labetalol,,,
Diroximel fumarate,,,
Oxcarbazepine,,,
Palifermin,,,
Conivaptan,,,
Gentamicin,,,
Monomethyl fumarate,,,
Minocycline,,,
Asparaginase Erwinia chrysanthemi,,,
Potassium citrate,,,
Axitinib,,,
Gefitinib,,,
Methylphenobarbital,,,
Candida albicans,,,
Coccidioides immitis spherule,,,
Dinutuximab,,,
Sulfamethizole,,,
Isoniazid,,,
Pitolisant,,,
Darolutamide,,,
Vorapaxar,,,
Doxycycline,,,
Calaspargase pegol,,,
Amikacin,,,
Fludarabine,,,
Eltrombopag,,,
Lansoprazole,,,
Timolol,,,
Varicella Zoster Vaccine (Recombinant),,,
Nelarabine,,,
Amikacin (liposome),,,
Erlotinib,,,
Zidovudine,,,
Pseudoephedrine,,,
Levacetylmethadol,,,
Naproxen,,,
Metoprolol,,,
Diethylstilbestrol,,,
Hydrochlorothiazide,,,
Sodium bicarbonate,,,
Denosumab,,,
Chlorcyclizine,,,
Lomitapide,,,
Torasemide,,,
Mirtazapine,,,
St. John's Wort,,,
Secobarbital,,,
Bosentan,,,
Chlorthalidone,,,
Hydroflumethiazide,,,
Metolazone,,,
Polythiazide,,,
Boceprevir,,,
Dalteparin,,,
Enoxaparin,,,
Anisindione,,,
Estramustine,,,
Indapamide,,,
Linezolid,,,
Kanamycin,,,
Pindolol,,,
Human adenovirus e serotype 4 strain cl-68578 antigen,,,
Measles virus vaccine live attenuated,,,
Rotavirus vaccine,,,
Yellow Fever Vaccine,,,
Maprotiline,,,
Minoxidil,,,
Telaprevir,,,
Streptomycin,,,
Chlorothiazide,,,
Amobarbital,,,
Clostridium tetani toxoid antigen (formaldehyde inactivated),,,
Anthrax vaccine,,,
Cenobamate,,,
Hepatitis A Vaccine,,,
Hepatitis B Vaccine (Recombinant),,,
Human papillomavirus type 11 L1 capsid protein antigen,,,
Influenza A virus A/California/7/2009 (H1N1)-like antigen (propiolactone inactivated),,,
Influenza A virus A/Vietnam/1194/2004 (H5N1) antigen (formaldehyde inactivated),,,
Meningococcal polysaccharide vaccine group C,,,
Poliovirus type 1 antigen (formaldehyde inactivated),,,
Nadolol,,,
Rubella virus vaccine,,,
Amphotericin B,,,
Phentermine,,,
Cannabidiol,,,
Solifenacin,,,
Amphotericin B (lipid complex),,,
Rifapentine,,,
Oxytetracycline,,,
Amyl Nitrite,,,
Nebivolol,,,
Bacillus calmette-guerin substrain tice live antigen,,,
Isavuconazonium,,,
Mumps virus strain B level jeryl lynn live antigen,,,
Busulfan,,,
Abametapir (topical),,,
Lorcaserin,,,
Trovafloxacin,,,
Trazodone,,,
Balsalazide,,,
Butabarbital,,,
Pentobarbital,,,
Troleandomycin,,,
Peginterferon alfa-2a,,,
Talazoparib,,,
Metreleptin,,,
Digoxin,,,
Vibrio cholerae CVD 103-HgR strain live antigen,,,
Lyme disease vaccine (recombinant OspA),,,
Pfizer-BioNTech Covid-19 Vaccine,,,
Typhoid vaccine (inactivated),,,
Peginterferon alfa-2b,,,
Physostigmine,,,
Binimetinib,,,
Pantoprazole,,,
Bendroflumethiazide,,,
Acebutolol,,,
Bepridil,,,
Hydroxyzine,,,
Desirudin,,,
Fluorouracil,,,
Furosemide,,,
Indomethacin,,,
Butalbital,,,
Diatrizoate,,,
Benzthiazide,,,
Ritodrine,,,
Mefenamic acid,,,
Modafinil,,,
Phentolamine,,,
Bendamustine,,,
Amphotericin B (cholesteryl sulfate),,,
Octreotide,,,
Betaxolol,,,
Delafloxacin,,,
Tipranavir,,,
Amphotericin B (liposomal),,,
Atenolol,,,
Bisoprolol,,,
Vitamin E,,,
Diethylpropion,,,
Droperidol,,,
Foscarnet,,,
Tizanidine,,,
Interferon alfacon-1,,,
Lanreotide,,,
Azelastine (nasal),,,
Capecitabine,,,
Sarilumab,,,
Trichlormethiazide,,,
Fondaparinux,,,
Nintedanib,,,
Nitrous acid,,,
Donepezil,,,
Armodafinil,,,
Quinapril,,,
Iothalamic acid,,,
Terbinafine,,,
Tinzaparin,,,
Enoxacin,,,
Piroxicam,,,
Nevirapine,,,
Meloxicam,,,
Naldemedine,,,
Rabeprazole,,,
Diflunisal,,,
Ipilimumab,,,
Lumateperone,,,
Remdesivir,,,
Lurasidone,,,
Megestrol acetate,,,
Ketoprofen,,,
Nalidixic acid,,,
Sonidegib,,,
Rifabutin,,,
Paroxetine,,,
Bumetanide,,,
Etacrynic acid,,,
Fosaprepitant,,,
Rufinamide,,,
Fluticasone,,,
Ramucirumab,,,
Gemcitabine,,,
Dofetilide,,,
Fenoprofen,,,
Felodipine,,,
Lusutrombopag,,,
Diclofenac (topical),,,
Sulindac,,,
Valbenazine,,,
Desvenlafaxine,,,
Interferon alfa-n1,,,
Lenalidomide,,,
Mazindol,,,
Meclofenamic acid,,,
Procainamide,,,
Levamlodipine,,,
Zinc gluconate,,,
Zinc sulfate,,,
Etodolac,,,
Ketorolac,,,
Oxaprozin,,,
Nabumetone,,,
Prednisolone (ophthalmic),,,
Revefenacin,,,
Dipyridamole,,,
Argatroban,,,
Lepirudin,,,
Lomustine,,,
Arformoterol,,,
Levosalbutamol,,,
Propafenone,,,
Rilpivirine,,,
Tolmetin,,,
Acrivastine,,,
Cocaine (nasal),,,
Letermovir,,,
Iopromide,,,
Ioversol,,,
Ioxilan,,,
Oxycodone,,,
Elotuzumab,,,
Fentanyl,,,
Melphalan,,,
Thiotepa,,,
Cytarabine,,,
Cinoxacin,,,
Lofexidine,,,
Epinephrine (topical),,,
Penbutolol,,,
Dacarbazine,,,
Streptozocin,,,
Zinc acetate,,,
Amlodipine,,,
Captopril,,,
Ivermectin,,,
Iodipamide,,,
Vilazodone,,,
Bivalirudin,,,
Betamethasone (topical),,,
Hydrocortisone (topical),,,
Triamcinolone (topical),,,
Tetrabenazine,,,
Flibanserin,,,
Desmopressin,,,
Danaparoid,,,
Cariprazine,,,
Methoxsalen,,,
Trimetrexate,,,
Calcium acetate,,,
Sucralfate,,,
Felbamate,,,
Carmustine,,,
Cocaine (topical),,,
Enalapril,,,
Avapritinib,,,
Calcium gluconate,,,
Carteolol,,,
Lisinopril,,,
Perindopril,,,
Ramipril,,,
Caplacizumab,,,
Estradiol,,,
Ezogabine,,,
Fosinopril,,,
Trandolapril,,,
Voxelotor,,,
Bleomycin,,,
Iron,,,
Apomorphine,,,
Lemborexant,,,
Moexipril,,,
Tazemetostat,,,
Alteplase,,,
Ranitidine,,,
Alfuzosin,,,
Vardenafil,,,
Valdecoxib,,,
Chlorambucil,,,
Temozolomide,,,
Dexlansoprazole,,,
Brexpiprazole,,,
Fostemsavir,,,
Atorvastatin,,,
Drotrecogin alfa,,,
Isotretinoin,,,
Deutetrabenazine,,,
Iodixanol,,,
Reteplase,,,
Tenecteplase,,,
Plicamycin,,,
Isoetharine,,,
Benazepril,,,
Bacitracin,,,
Mitomycin,,,
Abciximab,,,
Midazolam,,,
Nisoldipine,,,
Lurbinectedin,,,
Zanubrutinib,,,
Isradipine,,,
Nicardipine,,,
Alfentanil,,,
Eptifibatide,,,
Hydroxyurea,,,
Atomoxetine,,,
Lisdexamfetamine,,,
Flecainide,,,
Galantamine,,,
Methyl aminolevulinate (topical),,,
Spironolactone,,,
Ganciclovir,,,
Tirofiban,,,
Cangrelor,,,
Aminolevulinic acid (topical),,,
Mephenytoin,,,
Valganciclovir,,,
Cinacalcet,,,
Phenelzine,,,
Zinc chloride,,,
Blinatumomab,,,
Defibrotide,,,
Floxuridine,,,
Chloramphenicol (ophthalmic),,,
Isocarboxazid,,,
Tranylcypromine,,,
Triazolam,,,
Bromfenac,,,
Azithromycin,,,
Sulfamethoxazole,,,
Dexamethasone (topical),,,
Sodium citrate,,,
Telotristat ethyl,,,
Alprazolam,,,
Diazepam,,,
Benzhydrocodone,,,
Siltuximab,,,
Milnacipran,,,
Salsalate,,,
Pimavanserin,,,
Tolevamer,,,
Berotralstat,,,
Secukinumab,,,
Pegfilgrastim,,,
Rasagiline,,,
Lovastatin,,,
Vortioxetine,,,
Pralatrexate,,,
Guselkumab,,,
Ixekizumab,,,
Filgrastim,,,
Sargramostim,,,
Afatinib,,,
Benznidazole,,,
Dalfopristin,,,
Enfortumab vedotin,,,
Beclomethasone dipropionate,,,
Vancomycin,,,
Streptokinase,,,
Urokinase,,,
Propiomazine,,,
Lasmiditan,,,
Mesalazine,,,
Olsalazine,,,
Anistreplase,,,
Hydrocortisone (ophthalmic),,,
Secnidazole,,,
Paricalcitol,,,
Mechlorethamine,,,
Levomilnacipran,,,
Nimodipine,,,
Dactinomycin,,,
Pentostatin,,,
Suvorexant,,,
Sufentanil,,,
Sulfinpyrazone,,,
Orlistat,,,
Acetazolamide,,,
Antithrombin III human,,,
Ranitidine (bismuth citrate),,,
Mipomersen,,,
Ivabradine,,,
Tacrine,,,
Radium Ra 223 dichloride,,,
Flurbiprofen (ophthalmic),,,
Darifenacin,,,
Diclofenac (ophthalmic),,,
Propofol,,,
Albendazole,,,
Urea,,,
Ethotoin,,,
Butorphanol,,,
Inotersen,,,
Physostigmine (ophthalmic),,,
Estradiol (topical),,,
Estrone sulfate,,,
Rivastigmine,,,
Telavancin,,,
Capmatinib,,,
Hydralazine,,,
Pirfenidone,,,
Eslicarbazepine,,,
Conjugated estrogens,,,
Drospirenone,,,
Amisulpride,,,
Tapentadol,,,
Rofecoxib,,,
Fluticasone (topical),,,
Guanfacine,,,
Oxandrolone,,,
Polatuzumab vedotin,,,
Diclofenamide,,,
Methazolamide,,,
Halothane,,,
Esmolol,,,
Tolterodine,,,
Tolvaptan,,,
Netupitant,,,
Esterified estrogens,,,
Methylprednisolone (topical),,,
Dihydrocodeine,,,
Triamterene,,,
Naxitamab,,,
Belinostat,,,
Ibutilide,,,
Choline salicylate,,,
Reserpine,,,
Altretamine,,,
"Sodium phosphate, monobasic (p32)",,,
Estrone,,,
Ephedrine (nasal),,,
Hyaluronidase,,,
Losartan,,,
Prucalopride,,,
Clobazam,,,
Clonazepam,,,
Quinestrol,,,
Artemether,,,
Danazol,,,
Norethisterone,,,
Clonidine,,,
Tiotropium,,,
Decitabine,,,
Magnesium chloride,,,
Levonorgestrel,,,
Aminolevulinic acid,,,
Sarecycline,,,
Gemtuzumab ozogamicin,,,
Metamfetamine,,,
Aclidinium,,,
Irbesartan,,,
Ipratropium,,,
Umeclidinium,,,
Sevoflurane,,,
Vasopressin,,,
Amiloride,,,
Timolol (ophthalmic),,,
Valproic acid,,,
Colchicine,,,
Montelukast,,,
Fosnetupitant,,,
Pegvisomant,,,
Caffeine,,,
Telbivudine,,,
Triamcinolone (nasal),,,
Epinephrine (ophthalmic),,,
Zonisamide,,,
Flucytosine,,,
Fesoterodine,,,
Dapsone (topical),,,
Estrone sulfate (topical),,,
Benzphetamine,,,
Etonogestrel,,,
Norgestrel,,,
Olmesartan,,,
Erdafitinib,,,
Cerivastatin,,,
Deoxycholic acid,,,
Oxymetholone,,,
Valsartan,,,
Rifaximin,,,
Amifostine,,,
Relugolix,,,
Sermorelin,,,
Safinamide,,,
Stanozolol,,,
Verteporfin,,,
Aliskiren,,,
Telmisartan,,,
Calcitriol,,,
Perflutren,,,
Digitoxin,,,
Dacomitinib,,,
Levodopa,,,
Nizatidine,,,
Selegiline,,,
Clofazimine,,,
Ferrous fumarate,,,
Ferrous gluconate,,,
Nafcillin,,,
Frangula purshiana bark,,,
Eplerenone,,,
Artesunate,,,
Mestranol,,,
Levamisole,,,
Conjugated estrogens (topical),,,
Dihydroergotamine,,,
Durvalumab,,,
Praziquantel,,,
Fexofenadine,,,
Phenyl salicylate,,,
Azilsartan medoxomil,,,
Cyclobenzaprine,,,
Tagraxofusp,,,
Ergotamine,,,
Ramelteon,,,
Testosterone,,,
Loratadine,,,
Buspirone,,,
Probucol,,,
Clorazepic acid,,,
Fluvastatin,,,
Dexamethasone (nasal),,,
Guanethidine,,,
Fidaxomicin,,,
Edrophonium,,,
Eprosartan,,,
Meperidine,,,
Cevimeline,,,
Tasimelteon,,,
Dienestrol (topical),,,
Methyldopa,,,
Calcitriol (topical),,,
"Thyroid, porcine",,,
Guanadrel,,,
Deserpidine,,,
Silodosin,,,
Fluticasone (nasal),,,
Nitrofurantoin,,,
Histamine,,,
Methylergometrine,,,
Atezolizumab,,,
Pentazocine,,,
Zolpidem,,,
Activated charcoal,,,
Ipratropium (nasal),,,
Flurazepam,,,
Ioflupane I-123,,,
Maraviroc,,,
Pimecrolimus (topical),,,
Ketamine,,,
Methysergide,,,
Trastuzumab,,,
Mycophenolate mofetil,,,
Doxercalciferol,,,
Thiabendazole,,,
Hydromorphone,,,
Nalbuphine,,,
Phenylephrine (ophthalmic),,,
Ethosuximide,,,
Vorinostat,,,
Iron sucrose,,,
Thiothixene,,,
Eszopiclone,,,
Rituximab,,,
Kaolin,,,
Polymyxin B,,,
Iobenguane (I-123),,,
Adenosine,,,
Loxapine,,,
Uracil mustard,,,
Phendimetrazine,,,
Didanosine,,,
Molindone,,,
Testosterone (topical),,,
Alectinib,,,
Estazolam,,,
Bictegravir,,,
Progesterone,,,
Lanthanum carbonate,,,
Givosiran,,,
Oxymorphone,,,
Etidronic acid,,,
Ethionamide,,,
Calcium citrate,,,
Calcium Phosphate,,,
Liotrix,,,
Vigabatrin,,,
Ripretinib,,,
Remifentanil,,,
Letrozole,,,
Levorphanol,,,
Ibandronate,,,
Chlordiazepoxide,,,
Calcium glubionate anhydrous,,,
Calcium lactate,,,
Daclatasvir,,,
Ginkgo biloba,,,
Isatuximab,,,
Ergometrine,,,
Collagenase clostridium histolyticum,,,
Clevidipine,,,
Pravastatin,,,
Azacitidine,,,
Acitretin,,,
Sildenafil,,,
Denileukin diftitox,,,
Mogamulizumab,,,
Tesamorelin,,,
Hemin,,,
Potassium Iodide,,,
Thyrotropin alfa,,,
Amifampridine,,,
Lidocaine (topical),,,
Oxybutynin,,,
Esketamine,,,
Quazepam,,,
Benzocaine (topical),,,
Alclometasone (topical),,,
Amcinonide,,,
Clobetasol (topical),,,
Clocortolone (topical),,,
Desonide (topical),,,
Desoximetasone (topical),,,
Diflorasone (topical),,,
Fluocinonide (topical),,,
Flurandrenolide (topical),,,
Halcinonide (topical),,,
Ulobetasol (topical),,,
Prednicarbate (topical),,,
Metipranolol (ophthalmic),,,
Retapamulin (topical),,,
Pitavastatin,,,
Carteolol (ophthalmic),,,
Levobunolol (ophthalmic),,,
Orphenadrine,,,
Selumetinib,,,
Enasidenib,,,
Pancuronium,,,
Clindamycin,,,
Exemestane,,,
Dyphylline,,,
Emapalumab,,,
Trifluridine,,,
Mivacurium,,,
Plazomicin,,,
Fluoxymesterone,,,
Methyltestosterone,,,
Benzatropine,,,
Flavoxate,,,
Dupilumab,,,
Daratumumab,,,
Obinutuzumab,,,
Selinexor,,,
Dopamine,,,
Ginseng,,,
Rocuronium,,,
Vecuronium,,,
Betaxolol (ophthalmic),,,
Cholestyramine,,,
Nitroprusside,,,
Apremilast,,,
Ofatumumab,,,
Alosetron,,,
Amphetamine,,,
Racepinephrine,,,
Phenyltoloxamine,,,
Trihexyphenidyl,,,
Risankizumab,,,
Tildrakizumab,,,
Aflibercept,,,
Capreomycin,,,
Zalcitabine,,,
Lidocaine (ophthalmic),,,
Turmeric,,,
Riociguat,,,
Biperiden,,,
Procyclidine,,,
Doxazosin,,,
Dezocine,,,
Muromonab,,,
Temazepam,,,
Ubrogepant,,,
Isometheptene,,,
Vismodegib,,,
Indium In-111 oxyquinoline,,,
Fenoldopam,,,
Neomycin (topical),,,
Tamsulosin,,,
Satralizumab,,,
Nicotinamide,,,
Bromocriptine,,,
Prazosin,,,
Dimenhydrinate,,,
Lorazepam,,,
Oxazepam,,,
Progesterone (topical),,,
Methimazole,,,
Brexucabtagene autoleucel,,,
Garlic,,,
Patiromer,,,
Tobramycin,,,
Calcipotriol (topical),,,
Istradefylline,,,
Ardeparin,,,
Dolutegravir,,,
Abatacept,,,
Acyclovir,,,
Topiramate,,,
Brivaracetam,,,
Ropinirole,,,
Belatacept,,,
Stavudine,,,
Terazosin,,,
Antilymphocyte immunoglobulin (horse),,,
Antithymocyte immunoglobulin (rabbit),,,
Zaleplon,,,
Mirabegron,,,
Tadalafil,,,
Suprofen (ophthalmic),,,
Attapulgite,,,
Vitamin A,,,
Dobutamine,,,
Calcium chloride,,,
Tolcapone,,,
Neostigmine,,,
Belladonna,,,
Nitroglycerin,,,
Lutetium Lu 177 dotatate,,,
Belimumab,,,
Netilmicin,,,
Ulipristal,,,
Basiliximab,,,
Diphenoxylate,,,
Vedolizumab,,,
Propylthiouracil,,,
Ketorolac (ophthalmic),,,
Levobupivacaine,,,
Tiagabine,,,
Bromfenac (ophthalmic),,,
Nepafenac (ophthalmic),,,
Ethambutol,,,
Brodalumab,,,
Norepinephrine,,,
Doxapram,,,
Midodrine,,,
Chenodeoxycholic acid,,,
Calcifediol,,,
Avatrombopag,,,
Folic acid,,,
Naloxone,,,
Colesevelam,,,
Fenofibrate,,,
Halazepam,,,
Auranofin,,,
Fludeoxyglucose (18F),,,
Sodium aurothiomalate,,,
Niacin,,,
Cholecalciferol,,,
Ergocalciferol,,,
Obeticholic acid,,,
Guanabenz,,,
Aurothioglucose,,,
Gadobenic acid,,,
Succinylcholine,,,
Pyridostigmine,,,
Ledipasvir,,,
Lopinavir,,,
Olaratumab,,,
Metaraminol,,,
Dextroamphetamine,,,
Linaclotide,,,
Bismuth subsalicylate,,,
Colestipol,,,
Lesinurad,,,
Perampanel,,,
Mephentermine,,,
Alendronic acid,,,
Opicapone,,,
Trimethaphan,,,
Gemfibrozil,,,
Apraclonidine,,,
Doravirine,,,
Pralsetinib,,,
Atovaquone,,,
Sulfisoxazole,,,
Ciclesonide,,,
Difenoxin,,,
Acetaminophen,,,
Dihydrotachysterol,,,
Diamorphine,,,
Mexiletine,,,
Carisoprodol,,,
Doxacurium,,,
Lamotrigine,,,
Methoxamine,,,
Tetraferric tricitrate decahydrate,,,
Potassium bicarbonate,,,
Potassium gluconate,,,
Entacapone,,,
Flunisolide,,,
Remimazolam,,,
Ropivacaine,,,
Chlorzoxazone,,,
Dantrolene,,,
Kava,,,
Sulfadiazine,,,
Metocurine,,,
Rapacuronium,,,
Tubocurarine,,,
Macitentan,,,
Diiodohydroxyquinoline,,,
Velpatasvir,,,
Glecaprevir,,,
Magnesium gluconate,,,
Cidofovir,,,
Ambrisentan,,,
Metaxalone,,,
Atracurium,,,
Cisatracurium,,,
Pipecuronium,,,
Methoxyflurane,,,
Levobetaxolol (ophthalmic),,,
Brexanolone,,,
Rimegepant,,,
Baclofen,,,
Pentosan polysulfate,,,
Risedronic acid,,,
Omadacycline,,,
Grazoprevir,,,
Pregabalin,,,
Pamidronic acid,,,
Zoledronic acid,,,
Echothiophate (ophthalmic),,,
Interferon gamma-1b,,,
Avanafil,,,
Eletriptan,,,
Penicillamine,,,
Cytarabine (liposomal),,,
Ambenonium,,,
Licorice,,,
Zileuton,,,
Sodium oxybate,,,
Methsuximide,,,
Tiludronic acid,,,
Meprobamate,,,
Potassium acetate,,,
Xylometazoline (nasal),,,
Gabapentin,,,
Amantadine,,,
Isosorbide dinitrate,,,
Isosorbide mononitrate,,,
Metyrosine,,,
Phenylephrine (nasal),,,
Acetylcholine,,,
Sevelamer,,,
Rotigotine,,,
Valerian,,,
Ziconotide,,,
Botulinum toxin type A,,,
Botulinum Toxin Type B,,,
Omega-3 fatty acids,,,
Human C1-esterase inhibitor,,,
Conestat alfa,,,
Cinchocaine (topical),,,
Memantine,,,
Sodium acetate,,,
Tromethamine,,,
Carbamoylcholine (ophthalmic),,,
Pilocarpine (ophthalmic),,,
Pemigatinib,,,
Dexmedetomidine,,,
Methocarbamol,,,
Pergolide,,,
Icosapent,,,
Simeprevir,,,
Sulfadoxine,,,
Oxymetazoline (nasal),,,
Tetryzoline (nasal),,,
Pramipexole,,,
Thiopental,,,
Potassium perchlorate,,,
Naphazoline (ophthalmic),,,
Oxymetazoline (ophthalmic),,,
Tetryzoline (ophthalmic),,,
Sugammadex,,,
Entecavir,,,
Romosozumab,,,
Chloral hydrate,,,
Proguanil,,,
Mecasermin,,,
Oxybuprocaine (ophthalmic),,,
Iopodic acid,,,
Tetracaine (ophthalmic),,,
Demecarium (ophthalmic),,,
Isoflurophate (ophthalmic),,,
Chamomile,,,
Capsicum,,,
Oxymetazoline (topical),,,
Trimethoprim,,,
Oxamniquine,,,
Levetiracetam,,,
Phenylephrine (topical),,,
Methylphenidate,,,
Antithrombin Alfa,,,
Paraldehyde,,,
Paramethadione,,,
Trimethadione,,,
Tetracaine (topical),,,
Iopanoic acid,,,
Tyropanoic acid,,,
Chromic chloride,,,
Teprotumumab,,,
Raltegravir,,,
Amoxicillin,,,
Gallium chloride Ga-67,,,
Pyrimethamine,,,
Chromium picolinate,,,
Dutasteride,,,
Phensuximide,,,
Fenofibric acid,,,
Bempedoic acid,,,
Desogestrel,,,
Ginger,,,
Fluorometholone (ophthalmic),,,
Clove,,,
Naphazoline (nasal),,,
Tranexamic acid,,,
Mecamylamine,,,
Nivolumab,,,
Trastuzumab deruxtecan,,,
Dexmethylphenidate,,,
Solriamfetol,,,
Paromomycin,,,
Pembrolizumab,,,
Chlormezanone,,,
Valaciclovir,,,
Mecasermin rinfabate,,,
Minoxidil (topical),,,
Tisagenlecleucel,,,
Aloe Vera Leaf,,,
Ferrous sulfate anhydrous,,,
Phenacemide,,,
Tetracaine,,,
Belantamab mafodotin,,,
Axicabtagene ciloleucel,,,
Tafasitamab,,,
Dichloralphenazone,,,
Droxidopa,,,
Phenylbutyric acid,,,
Flunisolide (nasal),,,
Sacituzumab govitecan,,,
Iron protein succinylate,,,
Calcium glucoheptonate,,,
Cemiplimab,,,
Tafenoquine,,,
Human immunoglobulin G (intravenous),,,
Human immunoglobulin G (intravenous and subcutaneous),,,
Goldenseal,,,
Oritavancin,,,
Dienogest,,,
Ascorbic acid,,,
Cefpodoxime,,,
Cefuroxime,,,
Gallium nitrate,,,
Colistimethate,,,
Norgestimate,,,
Gadopentetic acid,,,
Bacampicillin,,,
Ospemifene,,,
Human botulinum neurotoxin A/B immune globulin,,,
Triethylenetetramine,,,
Probenecid,,,
Isosorbide,,,
Nitazoxanide,,,
Human cytomegalovirus immune globulin,,,
Human Rho(D) immune globulin,,,
Baloxavir marboxil,,,
Ciclesonide (nasal),,,
Alvimopan,,,
Phenoxybenzamine,,,
Caspofungin,,,
Panitumumab,,,
Bethanechol,,,
Ethchlorvynol,,,
Inebilizumab,,,
Protein C,,,
Gadoxetic acid,,,
Ceftazidime,,,
Almotriptan,,,
Pilocarpine,,,
Elvitegravir,,,
Aminobenzoic acid,,,
Flumazenil,,,
Lipoic acid,,,
Plantago seed,,,
Aminosalicylic acid,,,
Zolmitriptan,,,
Levonordefrin,,,
Leucovorin,,,
Dextran (low molecular weight),,,
Gadoteric acid,,,
Cyanocobalamin,,,
Clofibrate,,,
Dextran (high molecular weight),,,
Finasteride,,,
Lamivudine,,,
Ampicillin,,,
Pegvaliase,,,
Sapropterin,,,
Pemoline,,,
Eravacycline,,,
Tedizolid,,,
Riluzole,,,
Ammonium chloride,,,
Methylcellulose,,,
Phenazopyridine,,,
Cefditoren,,,
Mecobalamin,,,
Cetuximab,,,
Dextran (-1),,,
Rasburicase,,,
Bevacizumab,,,
Levoleucovorin,,,
Lisocabtagene maraleucel,,,
Pancrelipase,,,
Methohexital,,,
Piperacillin,,,
Ceftriaxone,,,
Prilocaine,,,
Gentamicin (topical),,,
Gadobutrol,,,
Gadofosveset trisodium,,,
Ticarcillin,,,
Moxetumomab Pasudotox,,,
Peginesatide,,,
Glucagon,,,
Capromab pendetide,,,
Metronidazole (topical),,,
Prasterone enantate,,,
Lacosamide,,,
Bromotheophylline,,,
Nitric Oxide,,,
Etelcalcetide,,,
Dexrazoxane,,,
Abacavir,,,
Mezlocillin,,,
Phenoxymethylpenicillin,,,
Lactic acid,,,
Allopurinol,,,
Interferon alfa-n3,,,
Piperazine,,,
Isoxsuprine,,,
Nesiritide,,,
Febuxostat,,,
Darbepoetin alfa,,,
Erythropoietin,,,
Tretinoin (topical),,,
Secretin human,,,
Bupivacaine,,,
Deferoxamine,,,
Methacholine,,,
Scopolamine (ophthalmic),,,
Benzylpenicillin (sodium),,,
Frovatriptan,,,
Homatropine,,,
Emtricitabine,,,
Moricizine,,,
Dimercaprol,,,
Monopotassium phosphate,,,
Sodium zirconium cyclosilicate,,,
Atropine (ophthalmic),,,
Carbenicillin,,,
Magnesium glycinate,,,
Oxacillin,,,
Benzylpenicillin (potassium),,,
Dalfampridine,,,
Guanidine,,,
Cyclandelate,,,
Proparacaine (ophthalmic),,,
Voxilaprevir,,,
Anastrozole,,,
Silver nitrate (topical),,,
Silver sulfadiazine (topical),,,
Gadodiamide,,,
Gadoteridol,,,
Gadoversetamide,,,
Cloxacillin,,,
Dicloxacillin,,,
Benzylpenicillin,,,
Enflurane,,,
Cefdinir,,,
Cefotetan,,,
Melatonin,,,
Cefamandole,,,
Cefmetazole,,,
Cefoperazone,,,
Pyrazinamide,,,
Procaine,,,
Desloratadine,,,
Meticillin,,,
Teduglutide,,,
Oxitriptan,,,
Tryptophan,,,
Cefprozil,,,
Pretomanid,,,
Cabergoline,,,
Ezetimibe,,,
Cefazolin,,,
Cefotaxime,,,
Cefoxitin,,,
Raloxifene,,,
Trametinib,,,
Silver nitrate (ophthalmic),,,
Digoxin Immune Fab (Ovine),,,
Alprostadil,,,
Clavulanic acid,,,
Arbutamine,,,
Naratriptan,,,
Methenamine,,,
Cefradine,,,
Tolazoline,,,
Cefixime,,,
Alitretinoin (topical),,,
Sumatriptan,,,
Rizatriptan,,,
Mebendazole,,,
Cefepime,,,
Ceftaroline fosamil,,,
Chloroprocaine,,,
Tocainide,,,
Citric acid,,,
Cefonicid,,,
Ceftizoxime,,,
Cefalotin,,,
Cefapirin,,,
Elbasvir,,,
Hydroxyamphetamine (ophthalmic),,,
Imipenem,,,
Adapalene (topical),,,
Trifarotene (topical),,,
Bupivacaine (liposome),,,
Pyridoxine,,,
Misoprostol,,,
Prilocaine (topiclal),,,
Cefiderocol,,,
Meropenem,,,
Mepivacaine,,,
Ceftolozane,,,
Tigecycline,,,
Dipivefrin (ophthalmic),,,
Levmetamfetamine (nasal),,,
Propylhexedrine (nasal),,,
Aminocaproic acid,,,
Bexarotene (topical),,,
Tetracycline (topical),,,
Cycloserine,,,
Articaine,,,
Thallous Chloride,,,
Cholic Acid,,,
Onasemnogene abeparvovec,,,
Tipiracil,,,
Tazarotene (topical),,,
Glucarpidase,,,
Methylnaltrexone,,,
Testolactone,,,
Daptomycin,,,
Omalizumab,,,
Phylloquinone,,,
Tafamidis,,,
Etidocaine,,,
Clindamycin (topical),,,
Metyrapone,,,
Minocycline (topical),,,
Cefaclor,,,
Loteprednol (ophthalmic),,,
Miltefosine,,,
Nicotine,,,
Bismuth subgallate,,,
Ertapenem,,,
Burosumab,,,
Heparin (flush),,,
Icatibant,,,
Hydroxocobalamin,,,
Salicylic acid (topical),,,
Imiquimod (topical),,,
Edetate calcium disodium anhydrous,,,
Edetate disodium anhydrous,,,
Acetylcysteine,,,
Isoflurane,,,
Cephalexin,,,
Teriparatide,,,
Elexacaftor,,,
Methionine,,,
Melphalan flufenamide,,,
Octasulfur (topical),,,
Methoxsalen (topical),,,
Rimexolone (ophthalmic),,,
Niclosamide,,,
Rimantadine,,,
Yohimbine,,,
Pectin,,,
Cefadroxil,,,
Calcium glycerophosphate,,,
Parathyroid hormone,,,
Miconazole (topical),,,
Cabotegravir,,,
Aprotinin,,,
Sofosbuvir,,,
Coenzyme M,,,
Bretylium,,,
Trioxsalen,,,
Ganirelix,,,
Desflurane,,,
Doxycycline (topical),,,
Salmon calcitonin,,,
Fospropofol,,,
Ceftibuten,,,
Lincomycin,,,
"Sodium phosphate, monobasic",,,
Pegloticase,,,
Coagulation factor X human,,,
Regadenoson,,,
Ribavirin,,,
Benzoyl peroxide (topical),,,
Nifurtimox,,,
Valrubicin,,,
Sorbitol,,,
Agalsidase beta,,,
Rifamycin,,,
Aztreonam,,,
Loracarbef,,,
Selenium,,,
Sacubitril,,,
Iron Dextran,,,
Ferric carboxymaltose,,,
Ferric derisomaltose,,,
Sodium ferric gluconate complex,,,
Ferumoxytol,,,
Saw palmetto,,,
Coagulation factor VIIa Recombinant Human,,,
Resorcinol (topical),,,
Diphenhydramine (topical),,,
Indium In-111 pentetreotide,,,
Bismuth subcitrate potassium,,,
"Antihemophilic factor, human recombinant",,,
Micafungin,,,
Glutamic acid,,,
Mebrofenin,,,
Nitrous oxide,,,
Levomefolic acid,,,
Levomefolic acid (calcium),,,
Nalmefene,,,
Paritaprevir,,,
Copper gluconate,,,
Anti-inhibitor coagulant complex,,,
Factor IX Complex (Human),,,
Hyaluronic acid,,,
Iodine,,,
Acetohydroxamic acid,,,
Amrinone,,,
Milrinone,,,
Necitumumab,,,
Pralidoxime,,,
Varenicline,,,
Microcrystalline cellulose,,,
Doripenem,,,
Ursodeoxycholic acid,,,
Dinoprostone (topical),,,
Docusate,,,
Levocarnitine,,,
Inulin,,,
Sodium chloride,,,
Beta carotene,,,
Econazole (topical),,,
Dextrothyroxine,,,
Collagenase clostridium histolyticum (topical),,,
Iodine (topical),,,
Coal tar (topical),,,
Chloramphenicol (otic),,,
Eculizumab,,,
Ravulizumab,,,
Cedazuridine,,,
Tivozanib,,,
Pyrantel,,,
Ferumoxides,,,
Abaloparatide,,,
Tegaserod,,,
Fosfomycin,,,
Brinzolamide (ophthalmic),,,
Dorzolamide (ophthalmic),,,
Beclomethasone dipropionate (nasal),,,
Laronidase,,,
Dalbavancin,,,
Novobiocin,,,
Cromoglicic acid,,,
Pegademase,,,
Oxyquinoline (topical),,,
Ipecac,,,
Emicizumab,,,
Oseltamivir,,,
Cetylpyridinium (topical),,,
Tilmanocept,,,
Copper oxodotreotide Cu-64,,,
Dotatate,,,
Ethiodized oil,,,
Avelumab,,,
Oxygen,,,
Famciclovir,,,
Cyclopentolate (ophthalmic),,,
Homatropine (ophthalmic),,,
Tropicamide (ophthalmic),,,
Indium In-111 pentetate,,,
Risdiplam,,,
Coagulation Factor IX Human,,,
Azelastine (ophthalmic),,,
Creatine,,,
Dornase alfa,,,
Lubiprostone,,,
Nedocromil,,,
Plecanatide,,,
Lutein,,,
Von Willebrand Factor Human,,,
Fibrinogen human,,,
Romiplostim,,,
Methyl salicylate (topical),,,
Chondroitin sulfate,,,
Cranberry,,,
Glucosamine,,,
Papaya,,,
Acyclovir (topical),,,
Etomidate,,,
Fomepizole,,,
Clioquinol (topical),,,
Medrysone (ophthalmic),,,
Penciclovir (topical),,,
Ivermectin (topical),,,
Benzalkonium (topical),,,
Simethicone,,,
Gonadorelin,,,
Bazedoxifene,,,
Oprelvekin,,,
Human immunoglobulin G (subcutaneous),,,
Human immunoglobulin G (intramuscular),,,
Hexaminolevulinate,,,
Phenylephrine (otic),,,
Sodium cellulose phosphate,,,
Ferumoxsil,,,
Sodium iodide,,,
Migalastat,,,
Bremelanotide,,,
Quinupristin,,,
Spectinomycin,,,
Imiglucerase,,,
Miglustat,,,
Pegaptanib (ophthalmic),,,
Vibegron,,,
Manganese (sulfate),,,
Manganese (chloride),,,
Triheptanoin,,,
Zanamivir,,,
Sodium glycerophosphate,,,
Citrus bioflavonoids,,,
Pyrophosphoric acid,,,
Azelaic acid (topical),,,
Silver (topical),,,
Thimerosal (topical),,,
Difluprednate (ophthalmic),,,
Sulfacetamide (ophthalmic),,,
Hexachlorophene (topical),,,
Chorionic Gonadotropin (Human),,,
Menotropins,,,
Follitropin,,,
Urofollitropin,,,
Anidulafungin,,,
Clomifene,,,
Factor XIII (human),,,
Dehydrocholic acid,,,
Dasabuvir,,,
Pertuzumab,,,
Glatiramer,,,
Fulvestrant,,,
Flax seed,,,
Benzonatate,,,
Enfuvirtide,,,
Milk thistle,,,
"Dextrose, unspecified form",,,
Tetrofosmin,,,
Ergoloid mesylate,,,
Norelgestromin,,,
